,0
0,Blood Diamond
1,The Pursuit of Happyness
2,Little Miss Sunshine
3,The Departed
4,The Devil Wears Prada
5,Babel
6,There Will Be Blood
7,Eastern Promises
8,The Assassination of Jesse James by the Coward Robert Ford
9,No Country for Old Men
10,Into the Wild
11,Juno
12,American Gangster
13,Gone Baby Gone
14,The Curious Case of Benjamin Button
15,Tropic Thunder
16,The Dark Knight
17,Revolutionary Road
18,Changeling
19,Vicky Cristina Barcelona
20,The Hurt Locker
21,The Lovely Bones
22,Inglourious Basterds
23,The Blind Side
24,True Grit
25,The Social Network
26,The King's Speech
27,127 Hours
28,The Fighter
29,The Town
30,Black Swan
31,Blue Valentine
32,The Descendants
33,Tinker Tailor Soldier Spy
34,Moneyball
35,Warrior
36,The Help
37,The Girl with the Dragon Tattoo
38,Bridesmaids
39,Silver Linings Playbook
40,Lincoln
41,Les Misérables
42,Flight
43,Argo
44,Django Unchained
45,Zero Dark Thirty
46,American Hustle
47,The Wolf of Wall Street
48,12 Years a Slave
49,Dallas Buyers Club
50,Captain Phillips
51,Blue Jasmine
52,Gravity
53,American Sniper
54,The Imitation Game
55,Birdman or (The Unexpected Virtue of Ignorance)
56,The Theory of Everything
57,The Judge
58,Boyhood
59,Whiplash
60,Gone Girl
61,Wild
62,Into the Woods
63,The Martian
64,The Revenant
65,Steve Jobs
66,The Danish Girl
67,The Big Short
68,Spotlight
69,Bridge of Spies
70,Creed
71,Carol
72,Room
73,Joy
74,Brooklyn
75,The Hateful Eight
76,Cars
77,Happy Feet
78,Children of Men
79,The Illusionist
80,Pan's Labyrinth
81,The Prestige
82,The Devil Wears Prada
83,Marie Antoinette
84,Babel
85,The Departed
86,Blood Diamond
87,The Lives of Others
88,Little Miss Sunshine
89,Apocalypto
90,Pirates of the Caribbean: Dead Man's Chest
91,Superman Returns
92,Ratatouille
93,The Assassination of Jesse James by the Coward Robert Ford
94,No Country for Old Men
95,There Will Be Blood
96,Across the Universe
97,Juno
98,The Bourne Ultimatum
99,Into the Wild
100,Transformers
101,The Golden Compass
102,Pirates of the Caribbean: At World's End
103,Kung Fu Panda
104,Changeling
105,The Curious Case of Benjamin Button
106,The Dark Knight
107,Slumdog Millionaire
108,Australia
109,Revolutionary Road
110,Iron Man
111,Wanted
112,In Bruges
113,Coraline
114,Fantastic Mr. Fox
115,The Princess and the Frog
116,Up
117,Avatar
118,Harry Potter and the Half-Blood Prince
119,The Hurt Locker
120,Inglourious Basterds
121,The Imaginarium of Doctor Parnassus
122,District 9
123,Sherlock Holmes
124,The Blind Side
125,Star Trek
126,Transformers: Revenge of the Fallen
127,How to Train Your Dragon
128,Toy Story 3
129,Black Swan
130,Inception
131,The King's Speech
132,The Social Network
133,True Grit
134,Alice in Wonderland
135,The Fighter
136,127 Hours
137,Incendies
138,Unstoppable
139,Salt
140,Iron Man 2
141,The Girl with the Dragon Tattoo
142,Hugo
143,The Tree of Life
144,Jane Eyre
145,The Descendants
146,Midnight in Paris
147,Moneyball
148,Tinker Tailor Soldier Spy
149,The Help
150,Drive
151,Transformers: Dark of the Moon
152,Real Steel
153,Rise of the Planet of the Apes
154,Bridesmaids
155,Brave
156,Wreck-It Ralph
157,Anna Karenina
158,Django Unchained
159,Life of Pi
160,Lincoln
161,Skyfall
162,Les Misérables
163,Snow White and the Huntsman
164,Silver Linings Playbook
165,Argo
166,Zero Dark Thirty
167,The Hobbit: An Unexpected Journey
168,Prometheus
169,Flight
170,Moonrise Kingdom
171,Despicable Me 2
172,Frozen
173,Gravity
174,Prisoners
175,American Hustle
176,The Great Gatsby
177,12 Years a Slave
178,The Wolf of Wall Street
179,Captain Phillips
180,Dallas Buyers Club
181,Her
182,Saving Mr. Banks
183,The Hobbit: The Desolation of Smaug
184,Lone Survivor
185,Star Trek Into Darkness
186,Blue Jasmine
187,Big Hero 6
188,How to Train Your Dragon 2
189,Birdman or (The Unexpected Virtue of Ignorance)
190,The Grand Budapest Hotel
191,Unbroken
192,Inherent Vice
193,Into the Woods
194,Maleficent
195,Boyhood
196,The Imitation Game
197,American Sniper
198,Whiplash
199,Interstellar
200,The Theory of Everything
201,The Hobbit: The Battle of the Five Armies
202,Captain America: The Winter Soldier
203,Dawn of the Planet of the Apes
204,Guardians of the Galaxy
205,X-Men: Days of Future Past
206,Nightcrawler
207,Inside Out
208,Mad Max: Fury Road
209,Sicario
210,Cinderella
211,Ex Machina
212,Straight Outta Compton
